Plateau,avg_voltage,G_avg,n_candidate,interesting,R_unknown
1,0.9773848183073313,1.2318902554860857e-06,1,False,298.6343350928166
2,0.9776627348503524,1.2182001414569618e-06,1,False,294.8805881220096
3,0.9784870760268648,1.2238989023518235e-06,1,False,283.7589672926596
4,0.9807286845459657,1.0760307651434337e-06,1,False,253.61079121123322
5,0.977681526955597,1.2270567977596451e-06,1,False,294.62684503960054
6,0.97889023047107,1.146686918701758e-06,1,False,278.3266189602999
7,0.5954145788127518,5.109812078730784e-05,1,False,8769.927668526541
8,0.9785523043077168,1.174957110661693e-06,1,False,282.8797382181465
9,0.9765490645361651,1.2814938513909762e-06,1,False,309.93551878320943
10,0.9761608005369461,1.3163084289019294e-06,1,False,315.1922641153406
11,0.9794387442525476,1.1384245464925214e-06,1,False,270.9427919024893
12,0.6213696691295902,4.819907464999274e-05,1,False,7864.490587946873
13,0.6094811752125413,4.99117049983081e-05,1,False,8269.64608870591
14,0.6246383323562262,4.811515731150062e-05,1,False,7755.798797956693
15,0.9786996688721636,1.282055186525495e-06,1,False,280.8938041513163
16,0.9758253220592387,1.3663012262087442e-06,1,False,319.7377096951805
17,0.6035287910373881,5.0370880444571925e-05,1,False,8478.49773870655
18,0.9772743637866635,1.2118063084879064e-06,1,False,300.1268086538629
19,0.9753854555698732,1.3280112569816405e-06,1,False,325.7022608062887
20,0.588816608573782,5.2063843156656133e-05,1,False,9012.82127474062
21,0.9770483719532997,1.2555499144543674e-06,1,False,303.18148653307605
22,0.9773007896907586,1.283801420690615e-06,1,False,299.7697082471977
23,0.9777880920641897,1.2164300428656349e-06,1,False,293.18811893100303
24,0.9754259858853873,1.3888723244099363e-06,1,False,325.1524482746668
25,0.9762479859273041,1.3232774583521422e-06,1,False,314.01148830377355
26,0.9773131686573228,1.2438042862629683e-06,1,False,299.60243455779033
27,0.9781920333079711,1.1988648848411666e-06,1,False,287.7373900688046
28,0.977936804583761,1.1966986038713579e-06,1,False,291.1808884515747
29,0.6089511643531883,4.997860124179567e-05,1,False,8288.07701883452
30,0.6073424301862982,5.013932056475081e-05,1,False,8344.217152694633
31,0.9784447780593157,1.208162443297276e-06,1,False,284.32917532711866
32,0.975823396981155,1.3893322169929635e-06,1,False,319.7638018703612
33,0.6040202906187915,5.037545219065968e-05,1,False,8461.096551555564
34,0.6004365314262496,5.085112713864624e-05,1,False,8588.630389932327
35,0.9764943695021362,1.26250852978032e-06,1,False,310.6757873884423
36,0.975857665744622,1.3156853518776384e-06,1,False,319.29934437556176
37,0.6002399491951136,5.106131676363441e-05,1,False,8595.670144235984
38,0.9783695576167376,1.212589612510619e-06,1,False,285.34332459138864
39,0.9769570308466893,1.239590585570179e-06,1,False,304.4165235852849
40,0.9800642633382008,1.0810891790888054e-06,1,False,262.5324436673414
41,0.616120483330451,4.8680306557477186e-05,1,False,8041.453189316653
42,0.9776357394750161,1.2331217401344197e-06,1,False,295.24511410104964
43,0.6011067848533003,5.091193904923486e-05,1,False,8564.662734523583
44,0.5937297199370967,5.1831883397674773e-05,1,False,8831.439764218389
45,0.9784206135435739,1.1417745775187764e-06,1,False,284.6549530841628
46,0.9759103758507734,1.2838470146798822e-06,1,False,318.5850080694692
47,0.9804157941455386,1.0584496758824135e-06,1,False,257.8106850089952
48,0.6216936395600593,4.7781007473962674e-05,1,False,7853.666678636714
49,0.9768438835587191,1.2459212177001521e-06,1,False,305.946725604947
50,0.6043539501387505,5.027559582307833e-05,1,False,8449.299706536327
51,0.6221347700149911,4.778551238159102e-05,1,False,7838.946557298047
52,0.977775471867275,1.21676864765129e-06,1,False,293.3584867231158
53,0.9776738648072143,1.2223944408804174e-06,1,False,294.7303031136151
54,0.6137999273346021,4.887980958838762e-05,1,False,8120.649475938236
55,0.978452658759278,1.1536317168240389e-06,1,False,284.2229338984939
56,0.9765805600909516,1.3141344582029392e-06,1,False,309.5092805864957
57,0.9754220871669091,1.3135606786904634e-06,1,False,325.205334213221
58,0.9766129249614892,1.2640090492693779e-06,1,False,309.0713063362297
59,0.6333857224594005,4.655422759608432e-05,1,False,7470.44290897646
60,0.615907432542027,4.8573413335614214e-05,1,False,8048.6993389758
61,0.9763319864724886,1.3035204905799254e-06,1,False,312.87404519911314
62,0.9781123808384614,1.1621074209331305e-06,1,False,288.8118534370573
63,0.6177906301305689,4.817216867215597e-05,1,False,7984.822359232439
64,0.9762264840442609,1.2876593957479724e-06,1,False,314.30267464879404
65,0.9806966456315015,1.0741418095382509e-06,1,False,254.040722914844
66,0.9784301137393778,1.154996057177181e-06,1,False,284.5268727659204
67,0.9782040569820522,1.1668250215009798e-06,1,False,287.57521321882285
68,0.9778289448983256,1.2352429241219305e-06,1,False,292.6366515815602
69,0.9790884398946753,1.1540892573239302e-06,1,False,275.65746498369685
70,0.9799220594481808,1.110742700984034e-06,1,False,264.44348744190967
71,0.9761250660684933,1.2909522153643605e-06,1,False,315.676286830625
72,0.9770194023378136,1.2159262279900473e-06,1,False,303.5731641226198
73,0.9785256261355244,1.1843772847872576e-06,1,False,283.2393261186078
74,0.9781585237435735,1.1890478322855433e-06,1,False,288.18939238825755
75,0.9773250020714394,1.254419507395907e-06,1,False,299.44253673522564
76,0.9786461184680041,1.1210147398800307e-06,1,False,281.61539809562566
77,0.9748687268556717,1.3802711479670018e-06,1,False,332.7159324179326
78,0.9720711769484166,1.6894183828605912e-06,1,False,370.8171526382809
79,0.9777997408442343,1.2320052048869505e-06,1,False,293.0308687951117
80,0.6198728366049031,4.7902514445087295e-05,1,False,7914.646923803926
81,0.629740907901973,4.68955697246785e-05,1,False,7588.380026179751
82,0.977911384543404,1.202095571314861e-06,1,False,291.52394932489216
83,0.9793891648412454,1.0992617901248246e-06,1,False,271.6098659385488
84,0.9779458424030132,1.175768749947941e-06,1,False,291.05892118184147
85,0.9786323070372969,1.1204266866788032e-06,1,False,281.80152051467763
86,0.9787301866054521,1.1160537260100658e-06,1,False,280.48261173645096
87,0.9805342400439314,1.0478317953084752e-06,1,False,256.22048332168674
88,0.9755793420344766,1.2924560346438057e-06,1,False,323.07251441949245
89,0.6181544964774904,4.8629164253266714e-05,1,False,7972.525087008437
90,0.6035898555361314,5.0363941882385886e-05,1,False,8476.334252563
91,0.9790424232261326,1.1034708026177116e-06,1,False,276.27704440774767
92,0.9786240451492645,1.1633211294587546e-06,1,False,281.9128599771235
93,0.9779996100349211,1.1671051755924632e-06,1,False,290.3333622893373
94,0.9750132653422935,1.3660577248225707e-06,1,False,330.75333109938686
95,0.9782239851049472,1.1741149561614262e-06,1,False,287.30642893439045
96,0.9774085691625201,1.2300454713672495e-06,1,False,298.3134550056834
97,0.6212381957491045,4.823137784734038e-05,1,False,7868.886357090385
98,0.976686641898128,1.2634792098140236e-06,1,False,308.0738478945058
99,0.5991589163227261,5.084585154125339e-05,1,False,8634.465275292094
100,0.9756929216467187,1.3187619905236702e-06,1,False,321.5324819475634
101,0.9773489103774536,1.2378246183488287e-06,1,False,299.1194899600563
102,0.9776892357769648,1.2227971479108292e-06,1,False,294.5227584005683
103,0.9783534903384586,1.2221503872798187e-06,1,False,285.5599696721273
104,0.9692703916112859,1.72086728894584e-06,1,False,409.18275823894885
105,0.6049145884657391,5.035407208485496e-05,1,False,8429.50711750901
106,0.9760580134884007,1.2873487835138112e-06,1,False,316.5846084334829
107,0.9782212623305475,1.199608626933185e-06,1,False,287.3431522173972
108,0.9745205848403623,1.3953468801360634e-06,1,False,337.4455336924211
109,0.5934842082056319,5.195738966538269e-05,1,False,8840.43224543474
110,0.6017375292253746,5.099678349296338e-05,1,False,8542.156652258536
111,0.6101809180418826,4.983982072553785e-05,1,False,8245.361833698851
112,0.9783645200438289,1.1935639526988024e-06,1,False,285.41124854633443
113,0.9785269456852993,1.1460273659046064e-06,1,False,283.2215398015287
114,0.9773681964946698,1.2276266252797795e-06,1,False,298.858909280607
115,0.977461993790993,1.2576770091794653e-06,1,False,297.5917316914653
116,0.9790158055239279,1.2055611772834357e-06,1,False,276.63545810150634
117,0.9786239066934321,1.1958298119121248e-06,1,False,281.9147258617995
118,0.9775352437195104,1.2494790960550424e-06,1,False,296.60231291612985
119,0.9783529567400168,1.1706865277594665e-06,1,False,285.56716463303263
120,0.9715353384570903,1.627874750147069e-06,1,False,378.1400422182623
121,0.9772182882962087,1.2301952924466893e-06,1,False,300.884635933614
122,0.9780134096169121,1.203799314883081e-06,1,False,290.1471588551868
123,0.9737418082465107,1.526105964940647e-06,1,False,348.0376636918134
124,0.9721793797888005,1.5448280865916223e-06,1,False,369.33940784988545
125,0.9767153519888776,1.2257222413980668e-06,1,False,307.6854145093988
126,0.9764454663498328,1.2812779357399725e-06,1,False,311.33773613509965
127,0.9782857705052586,1.1976156088197266e-06,1,False,286.4731563996007
128,0.5898528407645452,5.259956034611179e-05,1,False,8974.314371024273
129,0.6022858277861489,5.065918012441498e-05,1,False,8522.630682618323
130,0.5974188229177461,5.151010457654743e-05,1,False,8697.207061548474
131,0.9756464489456266,1.3468656677038156e-06,1,False,322.1625646238159
132,0.6017606600407615,5.049965653948534e-05,1,False,8541.33220040674
133,0.974085984871878,1.446314313928058e-06,1,False,343.35443348345643
134,0.9772098053701471,1.2433786753429421e-06,1,False,300.999285264866
135,0.9802045538915745,1.1043843643760318e-06,1,False,260.64765611380096
136,0.9739589970140932,1.4078538785555593e-06,1,False,345.08197890421997
137,0.9777671681192543,1.2422579578199904e-06,1,False,293.4705865183954
138,0.9770803877238736,1.2271999669783018e-06,1,False,302.74865106224803
139,0.9748805213627756,1.3901335588158988e-06,1,False,332.5557600814453
140,0.6073982027847434,4.951519088526274e-05,1,False,8342.265875361658
141,0.9774740585016843,1.2225176218963155e-06,1,False,297.42875817434054
142,0.9765068534884657,1.2964108206127854e-06,1,False,310.506815875936
143,0.6057124471272131,5.027523856188475e-05,1,False,8401.402954633408
144,0.975460946510981,1.3711921195675921e-06,1,False,324.6782278733141
145,0.9783183026403113,1.2121900638905237e-06,1,False,286.0344520930021
146,0.6018681351536282,5.0792127814375726e-05,1,False,8537.502295307624
147,0.9766138980652107,1.2641446253362897e-06,1,False,309.05813836067114
148,0.9749427599041761,1.4071719580859791e-06,1,False,331.71060940984705
149,0.9789445108963725,1.1632321987768896e-06,1,False,277.595553243239
150,0.6085191881478508,4.993232854101334e-05,1,False,8303.122577867254
151,0.9751334654597293,1.387297064424196e-06,1,False,329.1216489865498
152,0.9792888487104708,1.132322301857605e-06,1,False,272.9597917923407
153,0.9767254225756993,1.275114418635499e-06,1,False,307.5491698403031
154,0.9762644356688419,1.2629947132987422e-06,1,False,313.7887285622425
155,0.9786820069421083,1.1415471295056725e-06,1,False,281.1317906729949
156,0.6148361421269244,4.926676221297526e-05,1,False,8085.211507872132
157,0.9786537791590914,1.171591053291251e-06,1,False,281.5121651211637
158,0.9747346423657449,1.415143322307301e-06,1,False,334.5371056170911
159,0.601373801562833,5.1130904890822795e-05,1,False,8555.129340314315
160,0.9789897744025614,1.157257690765139e-06,1,False,276.9859921949622
161,0.9770140607142821,1.275818494491264e-06,1,False,303.64538695570286
162,0.6109424591074154,4.967189849207508e-05,1,False,8218.996113253512
163,0.9760251828496849,1.2981887302026648e-06,1,False,317.0293911711634
164,0.9733288992032845,1.4529501683929477e-06,1,False,353.66050990413277
165,0.979601897483383,1.1114722681852892e-06,1,False,268.74809764520717
166,0.610123483198471,4.867016711893426e-05,1,False,8247.352985287775
167,0.9769607276374819,1.266154415958397e-06,1,False,304.3665342281962
168,0.9758759079527606,1.317281732712643e-06,1,False,319.0521141424027
169,0.9781803517120696,1.1775832999686417e-06,1,False,287.89495674304584
170,0.9760251303337976,1.2851907914735426e-06,1,False,317.03010266956704
171,0.5943609078657215,5.127658718930021e-05,1,False,8808.355028620726
172,0.9751357541661081,1.3695593768422144e-06,1,False,329.0905843565944
173,0.581255674797977,5.2862860657019024e-05,1,False,9297.94504361012
174,0.9792961906796942,1.0874903544064101e-06,1,False,272.86098360511636
175,0.6011690573585988,5.096793450373398e-05,1,False,8562.438639514385
176,0.9776258790405211,1.1856861841941624e-06,1,False,295.3782672800326
177,0.9759243483064123,1.3359636988421115e-06,1,False,318.3956639171472
178,0.9794797794129753,1.1662810025015552e-06,1,False,270.39072891978276
179,0.9767690467609403,1.3348798502503405e-06,1,False,306.9590119816291
180,0.9777909206537757,1.2514263633735466e-06,1,False,293.1499346655815
181,0.5997530924630123,5.116059719198055e-05,1,False,8613.124709374864
182,0.9760590872093058,1.2817905907368584e-06,1,False,316.57006238889215
183,0.9791168920374467,1.1386509612397075e-06,1,False,275.2744076693156
184,0.9790508295991458,1.1173081671790367e-06,1,False,276.163854644204
185,0.9781371109585193,1.2318241066022184e-06,1,False,288.47824042728195
186,0.977850722426654,1.2318353423088133e-06,1,False,292.34269825185675
187,0.9769657237523887,1.2306693416633058e-06,1,False,304.2989755363821
188,0.6033165619423192,5.07349150462703e-05,1,False,8486.02032066942
189,0.9760822882830247,1.2912061489033976e-06,1,False,316.2557577514511
190,0.6078658598900892,5.008456704012905e-05,1,False,8325.918368492748
191,0.9749671334404604,1.3622068430808017e-06,1,False,331.37966526915693
192,0.9791124314291915,1.1563364852504225e-06,1,False,275.33446032560886
193,0.9756114746510692,1.3092070442389264e-06,1,False,322.6367900569614
194,0.6250519949081057,4.745431260933107e-05,1,False,7742.1244484711315
195,0.6214173366498359,4.8002740414042786e-05,1,False,7862.897299560773
196,0.5982838436933307,5.140427746161223e-05,1,False,8665.97176686515
197,0.9775947694130358,1.2465732118914907e-06,1,False,295.79838258027434
198,0.9772969693876803,1.2730226626982653e-06,1,False,299.82133184434144
199,0.9766239628809902,1.2593772488343865e-06,1,False,308.9219434748222
200,0.977051492489518,1.2354063532085727e-06,1,False,303.1392973655537
201,0.9766207374091092,1.2606158799869653e-06,1,False,308.9655895492144
202,0.9761775090746645,1.288621638329937e-06,1,False,314.96595943887843
203,0.9721230383729562,1.5388097330319965e-06,1,False,370.1088311998398
204,0.9771807511989027,1.216445979437016e-06,1,False,301.3919763288463
205,0.97747103454361,1.1915051692094939e-06,1,False,297.4696062756704
206,0.6066498238144759,5.000937865532213e-05,1,False,8368.478785766161
207,0.9784997453227905,1.1728750264048117e-06,1,False,283.5881853631648
208,0.9781110445579154,1.1617568012168505e-06,1,False,288.8298805414275
209,0.9773454482733979,1.2106188805452887e-06,1,False,299.16626860477993
210,0.6243062842004157,4.765225414092524e-05,1,False,7766.788349748668
211,0.9799679021517796,1.1182020072009542e-06,1,False,263.82735782807873
212,0.9759486679637979,1.336864900225241e-06,1,False,318.0661152423003
213,0.976993038841029,1.2176051262741009e-06,1,False,303.9296264202194
214,0.9783475173353509,1.1826439213169444e-06,1,False,285.64050919287916
215,0.6224309413628362,4.7836105127649e-05,1,False,7829.075296170586
216,0.9778319532898734,1.1586166450177497e-06,1,False,292.5960434981494
217,0.6027925154859776,5.037823031102208e-05,1,False,8504.618136216433
218,0.974815293540728,1.3744866566250792e-06,1,False,333.4416186634891
219,0.9766237978474237,1.3341631233953738e-06,1,False,308.92417665031047
220,0.9736002951720019,1.5032981573344968e-06,1,False,349.9642004459341
221,0.9782898859795224,1.1772091887602631e-06,1,False,286.41765654616404
222,0.9761671633106224,1.3562218420962544e-06,1,False,315.1060841800705
223,0.9763727810578781,1.297559816373733e-06,1,False,312.3217203428339
224,0.9762790363058074,1.2713586920891562e-06,1,False,313.59101538443315
225,0.9804535196332677,1.0442986118094838e-06,1,False,257.30415777499667
226,0.9778204802109882,1.1925230295686975e-06,1,False,292.75091156306104
227,0.9781308212275693,1.229529642966151e-06,1,False,288.56308823670435
228,0.9787319680254375,1.2255087230238066e-06,1,False,280.45860988135615
229,0.9755009051880006,1.3186261927564886e-06,1,False,324.1362534602208
230,0.9792601417059139,1.1187580314265676e-06,1,False,273.34614474652915
231,0.9777532789485122,1.1992444201232878e-06,1,False,293.65809323619266
232,0.9808216411892015,1.0530425233560593e-06,1,False,252.36356060026307
233,0.9777593141650234,1.1983703068225705e-06,1,False,293.5766158931415
234,0.9775341481068303,1.2038551587731916e-06,1,False,296.61711074274626
235,0.97768057966372,1.1993719306699539e-06,1,False,294.6396357498706
236,0.9767137768149436,1.2256959504288482e-06,1,False,307.7067252447161
237,0.9730076399326736,1.4908208183227065e-06,1,False,358.03860355008516
238,0.9792794709443567,1.1042323952406211e-06,1,False,273.0859998793094
239,0.9741031476769866,1.4054380472097173e-06,1,False,343.12098488242
240,0.9772531135274747,1.2022870868532907e-06,1,False,300.4139831770657
241,0.9757208982436825,1.317254675376645e-06,1,False,321.1532006994929
242,0.9790601823850148,1.0923131805068955e-06,1,False,276.03792394654414
243,0.9776052080998644,1.2109802710850197e-06,1,False,295.6574119183405
244,0.6085084773225625,4.9710182057083205e-05,1,False,8303.495903037228
245,0.9782297797679703,1.1719384491674688e-06,1,False,287.2282743883187
246,0.9770451193012247,1.2232105776425464e-06,1,False,303.2254621734175
247,0.9786432563439955,1.1219527316427957e-06,1,False,281.6539675599575
248,0.9763973171272956,1.3367679231393876e-06,1,False,311.98954453738554
249,0.9779648563544504,1.157778154268687e-06,1,False,290.80233127239245
250,0.9746599063470517,1.3958728273157595e-06,1,False,335.5524086939267
251,0.9752711765673077,1.3210922730837063e-06,1,False,327.2527545671655
252,0.9759822775940394,1.2689691765926449e-06,1,False,317.6107078524006
253,0.9759961161452435,1.2985357243572498e-06,1,False,317.42320587581565
254,0.6183560555852485,4.860815727723119e-05,1,False,7965.719399208959
255,0.9764502375025025,1.2502047117063301e-06,1,False,311.2731513154537
256,0.9766297713744574,1.262945609170966e-06,1,False,308.8433454890868
257,0.9774635970714246,1.231353886745418e-06,1,False,297.5700738950965
258,0.9766235815762061,1.3016043527393713e-06,1,False,308.9271031566035
259,0.9768318969719932,1.2570892026575049e-06,1,False,306.10885276835677
260,0.9756834064222252,1.2900674712580731e-06,1,False,321.66148566107387
261,0.9784668252662024,1.2314296145392233e-06,1,False,284.03195644362233
262,0.9747660612956806,1.3787448829565276e-06,1,False,334.1103199411202
263,0.9754364655861334,1.3846289664363603e-06,1,False,325.01029370689974
264,0.61609216909878,4.87778662362642e-05,1,False,8042.415906428741
265,0.976332829747924,1.272900439074684e-06,1,False,312.86262748183174
266,0.9738591163100556,1.4595675391330033e-06,1,False,346.4410745885412
267,0.9778547904113241,1.2031764485778737e-06,1,False,292.2877899989568
268,0.6018514115382562,4.980764259961489e-05,1,False,8538.098156062557
269,0.9757885220213467,1.2963658888340957e-06,1,False,320.23650886646675
270,0.978139994437023,1.1768089861632644e-06,1,False,288.4393429701345
271,0.9775677963109615,1.1738438441043067e-06,1,False,296.1626584356425
272,0.9747477928447741,1.3518331776085776e-06,1,False,334.35846995763404
273,0.9772613904239887,1.2070880265359997e-06,1,False,300.3021282889446
274,0.9757676214795613,1.3245304644824657e-06,1,False,320.5198180692935
275,0.9792667327083808,1.0987145477705536e-06,1,False,273.25743779771386
276,0.9764237680644415,1.245493006090262e-06,1,False,311.6314634448309
277,0.6023645650904516,4.933137136212123e-05,1,False,8519.829614127222
278,0.9767728479602165,1.217601242636579e-06,1,False,306.907590993636
279,0.9787472537578137,1.1854786191638068e-06,1,False,280.2526620763105
280,0.9746809119941119,1.3322622607170693e-06,1,False,335.267027238717
281,0.6150960215519242,4.861577239990182e-05,1,False,8076.342504161163
282,0.9761676939303237,1.2853159463245776e-06,1,False,315.09889730671466
283,0.9748704451093992,1.3516493781065609e-06,1,False,332.6925978642789
284,0.6031317909308109,5.081067878332998e-05,1,False,8492.573946079036
285,0.9768202114732186,1.2306538139619577e-06,1,False,306.2669113320301
286,0.9758843052744928,1.3196068736230254e-06,1,False,318.93831130002246
287,0.9774333916398732,1.1876799065397188e-06,1,False,297.9781136964188
288,0.9775796824527241,1.2706825245815363e-06,1,False,296.0021318018165
289,0.9768284907056644,1.2238652022373943e-06,1,False,306.15492568407984
290,0.9748291613085721,1.359589266669867e-06,1,False,333.2532706853326
291,0.9768657360179436,1.2196658794518594e-06,1,False,305.6511656943711
292,0.9752019278118433,1.3269213933506284e-06,1,False,328.1924719894137
293,0.9773523078468676,1.2328646962166625e-06,1,False,299.07358495643035
294,0.9726900137361139,1.5516036481987463e-06,1,False,362.3700290898593
295,0.9772884289055763,1.1923443780062937e-06,1,False,299.9367404846783
296,0.9775914721097797,1.211927155693095e-06,1,False,295.8429120849352
297,0.975693156283925,1.3335970005203221e-06,1,False,321.52930085935213
298,0.9756755753977424,1.2983774543508881e-06,1,False,321.7676575333358
299,0.9766191291323464,1.2976013775675088e-06,1,False,308.9873523539279
300,0.9763365841160218,1.2691184929968123e-06,1,False,312.8117946105718
301,0.9778071458118524,1.16554363973638e-06,1,False,292.9309090165439
302,0.9738177833810163,1.4171467362293722e-06,1,False,347.00358115107554
303,0.9714982801855376,1.589553997796632e-06,1,False,378.64678756263817
304,0.9786009760538755,1.1621250467437126e-06,1,False,282.2237553684734
305,0.9747041791312415,1.3892073917392234e-06,1,False,334.9509356737866
306,0.977081977583069,1.2410041001696307e-06,1,False,302.72715778649723
307,0.976369910394091,1.2686337326323927e-06,1,False,312.36058524030244
308,0.9767367079627508,1.2450988434336939e-06,1,False,307.3964935133706
309,0.9769158733044085,1.2251187670146542e-06,1,False,304.97309647758266
310,0.9749481261076998,1.3479475410430403e-06,1,False,331.6377456195487
311,0.9736806392808457,1.4337235862294758e-06,1,False,348.87033966152245
312,0.9724434432237916,1.4958377946357031e-06,1,False,365.7344287023823
313,0.979779657084179,1.1260217732734085e-06,1,False,266.35775435494304
314,0.9749495459575117,1.3515411198984094e-06,1,False,331.6184666417003
315,0.9748000071052417,1.35590899558564e-06,1,False,333.64924078114547
316,0.632203577823554,4.679821477037953e-05,1,False,7508.545160836929
317,0.9766846288348823,1.2537231691456736e-06,1,False,308.1010845053203
318,0.9771141899343448,1.2358231545543992e-06,1,False,302.2916946967388
319,0.9779430646692392,1.166014919489695e-06,1,False,291.09640704279053
320,0.977802809801649,1.1776830313095403e-06,1,False,292.9894407052409
321,0.9785190930980686,1.178085761029653e-06,1,False,283.3273861602766
322,0.9785678297802642,1.1468872966542585e-06,1,False,282.6704835786927
323,0.9755346161917812,1.2897889487183907e-06,1,False,323.679053094406
324,0.9746501456034687,1.4186350238037637e-06,1,False,335.6850217540947
325,0.9775447211939903,1.2030352971796633e-06,1,False,296.47430736291716
326,0.9744364150731656,1.3886613911043678e-06,1,False,338.58950952505785
327,0.9766861155459637,1.2330800391676755e-06,1,False,308.0809693931758
328,0.9766482876430915,1.2974657231755886e-06,1,False,308.5927977043775
329,0.9746938046106758,1.3645340071186986e-06,1,False,335.09187501868
330,0.9753675918053973,1.307361321726391e-06,1,False,325.9446055662728
331,0.6105690904966982,4.9265957964175627e-05,1,False,8231.914489425772
332,0.9768486746268956,1.2656974407115933e-06,1,False,305.88192409223814
333,0.9777891048524041,1.2064750682936765e-06,1,False,293.17444687125953
334,0.9784912628650997,1.2282489870461939e-06,1,False,283.702528283339
335,0.6082436323955057,5.008461044741689e-05,1,False,8312.731239047207
336,0.9762944447622653,1.2827492180516233e-06,1,False,313.3823696070272
337,0.6200672682435079,4.825929236014404e-05,1,False,7908.118162807574
338,0.9765640444102355,1.2848953857078899e-06,1,False,309.73278850786517
339,0.6185424493399068,4.862949959893216e-05,1,False,7959.429720300374
340,0.9745028980692848,1.382079503112909e-06,1,False,337.6859033522451
341,0.9754932342592135,1.3056108502079311e-06,1,False,324.2402936795295
342,0.9746644010849297,1.3755946997958552e-06,1,False,335.4913424215061
343,0.9770851015322144,1.2066053498330464e-06,1,False,302.6849253820918
344,0.9781844070848187,1.1943604433555873e-06,1,False,287.840255605972
345,0.9776725808965718,1.2403483622583886e-06,1,False,294.7476392615337
346,0.9771830589749567,1.2155320511755958e-06,1,False,301.3607839802115
347,0.9774534873503123,1.227071822152927e-06,1,False,297.7066415113103
348,0.979045724981383,1.1217448038160004e-06,1,False,276.23258684632054
349,0.97824015457275,1.1639268239455647e-06,1,False,287.08834826104055
350,0.9748891246642402,1.3476086321026521e-06,1,False,332.4389275548666
351,0.9784325386246113,1.177133631316075e-06,1,False,284.4941811989789
352,0.9767445494827958,1.2268632413587337e-06,1,False,307.2904102192527
353,0.9767684587827914,1.2546811792567334e-06,1,False,306.96696593273913
354,0.9719303676544994,1.5400570896900013e-06,1,False,372.7407020609934
355,0.9756358613272492,1.3060519797635651e-06,1,False,322.3061212694397
356,0.9762629024573258,1.2984659592355605e-06,1,False,313.80949074758064
357,0.9754977475448409,1.3250886196176337e-06,1,False,324.17908013427774
358,0.9761832695997631,1.262950829786006e-06,1,False,314.8879392204388
359,0.9785380829127831,1.1296521539242774e-06,1,False,283.0714221314901
360,0.9789309691945267,1.1265010386371243e-06,1,False,277.7779295221002
361,0.6144896227424744,4.8949721994817565e-05,1,False,8097.048976433851
362,0.9733503595587827,1.444640112788303e-06,1,False,353.36815300538984
363,0.9757754758830091,1.317360717507199e-06,1,False,320.41334932060465
364,0.9776248981369933,1.201361961053112e-06,1,False,295.3915133364286
365,0.9774639312047597,1.2104589122031618e-06,1,False,297.56556028834024
366,0.9781595804961398,1.1928434859173876e-06,1,False,288.1751376383974
367,0.9757089400397404,1.2888287125159668e-06,1,False,321.3153164872434
368,0.97682084701256,1.2417545482100904e-06,1,False,306.2583149020666
369,0.9757387222495646,1.3009264863255595e-06,1,False,320.9115703868322
370,0.9727460919847813,1.4889792606815134e-06,1,False,361.60509196959055
371,0.9742767261419589,1.4389838650016366e-06,1,False,340.76043156132306
372,0.9778222648141065,1.169655917540335e-06,1,False,292.7268220599081
373,0.977441876597477,1.234737211839037e-06,1,False,297.8634893665145
374,0.9763950171958035,1.2930965563181864e-06,1,False,312.02068090989155
375,0.9768484165263568,1.2271228811868059e-06,1,False,305.8854150105724
376,0.9761535079323095,1.26577942312938e-06,1,False,315.29103943240284
377,0.9749284841150503,1.3682480711807057e-06,1,False,331.9044539141456
378,0.9734388240496628,1.4878312312204669e-06,1,False,352.1631271323662
379,0.9788832807575573,1.1315563752507348e-06,1,False,278.4202257267721
380,0.976049898745604,1.353725173625858e-06,1,False,316.6945425152407
381,0.978476236928376,1.18638327427936e-06,1,False,283.9050816970364
382,0.9780477658459265,1.2204343126319661e-06,1,False,289.68359895519455
383,0.9777323927304951,1.1665791918369331e-06,1,False,293.94007158847154
384,0.976841753736342,1.2440714301161028e-06,1,False,305.97553268608027
385,0.6033828786873966,5.033734669084982e-05,1,False,8483.669117175845
386,0.9752382143113413,1.3566055456488827e-06,1,False,327.70004135925655
387,0.9760558853631793,1.2981276486327453e-06,1,False,316.61343892916034
388,0.9765020235091348,1.273769937497334e-06,1,False,310.57218942685074
389,0.9781129032414773,1.171141485532687e-06,1,False,288.80480596800464
390,0.9765003217798558,1.23952838128317e-06,1,False,310.5952224094315
391,0.6094318587132621,4.940647142394705e-05,1,False,8271.35969889985
392,0.9790053153138093,1.1224851673747794e-06,1,False,276.7767166308692
393,0.9768006176303731,1.3024220742132721e-06,1,False,306.53194698765344
394,0.9765541999608643,1.2668823999121246e-06,1,False,309.8660177611316
395,0.9778208960760065,1.1870188615753488e-06,1,False,292.74529799240895
396,0.9746410636212003,1.3697898621864356e-06,1,False,335.80841529837073
397,0.9739986871371864,1.5045209186476785e-06,1,False,344.54198526163657
398,0.6129704842737738,4.913314855140349e-05,1,False,8149.102303306766
399,0.974443373817108,1.361091442814203e-06,1,False,338.4949237143797
400,0.9753580794895623,1.305787377823906e-06,1,False,326.0736558907128
401,0.9748317293176914,1.369187655499847e-06,1,False,333.2183933225109
402,0.975394149961467,1.3308054513773276e-06,1,False,325.5843135015019
403,0.9718830179601907,1.5729306169426447e-06,1,False,373.38765587940736
404,0.9736619318526307,1.3947463718877017e-06,1,False,349.1250195252501
405,0.6167757907260719,4.874407538674874e-05,1,False,8019.196664712713
406,0.9784977025187075,1.192966836114521e-06,1,False,283.6157220341981
407,0.9739085350199557,1.4140813248294718e-06,1,False,345.76858998739175
408,0.9763757995608705,1.241275195530125e-06,1,False,312.2808541493616
409,0.9754641711143239,1.3225819085167708e-06,1,False,324.6344897306179
410,0.9777254284988157,1.2173211335369055e-06,1,False,294.03409619885906
411,0.6096590181736011,4.9305721437817536e-05,1,False,8263.46884652465
412,0.9773287893816208,1.2375770356856582e-06,1,False,299.3913619038271
413,0.9795913327949186,1.075620651894311e-06,1,False,268.8901889131342
414,0.9752574665052021,1.3871616777816245e-06,1,False,327.43879185323175
415,0.6032456534077473,5.016569690895437e-05,1,False,8488.534894014094
416,0.9770962422986322,1.1993748797223937e-06,1,False,302.5343165014827
417,0.9777010978784131,1.2044812316057343e-06,1,False,294.36259623080656
418,0.9766271341094569,1.2918231619957822e-06,1,False,308.8790316863729
419,0.6176423526001127,4.860395819065347e-05,1,False,7989.83772030608
